"person","activity","leave_time"
"1","home","100"
"1","work","900"
"1","home","1700"
"2","home","100"
"2","work","500"
"2","beach","1300"
"2","home","1500"
"2","shops","1700"
"2","home","1900"
"3","home","100"
"3","work","1100"
"3","home","1900"
"4","home","100"
"4","shops","1100"
"4","home","1300"
"4","shops","1500"
"4","work","1700"
"5","home","100"
"5","work","900"
"5","home","1700"
"6","other","100"
"6","home","300"
"6","other","900"
"6","home","1100"
"6","beach","1300"
"6","other","1500"
"6","work","1700"
"7","home","100"
"7","work","900"
"7","shops","1700"
"7","home","1900"
"8","home","100"
"8","work","900"
"8","other","1700"
"8","home","1900"
"9","home","100"
"9","work","500"
"9","home","1300"
"9","beach","1500"
"9","shops","1700"
"9","home","1900"
"10","home","100"
"10","other","1300"
"10","beach","1500"
"10","work","1700"
"11","home","100"
"11","work","900"
"11","home","1700"
"11","other","1900"
"11","shops","2100"
"11","home","2300"
"12","home","100"
"12","shops","1500"
"12","work","1700"
"13","home","100"
"13","shops","1100"
"13","other","1300"
"13","work","1700"
"14","home","100"
"14","shops","1300"
"14","beach","1500"
"14","other","1700"
"14","home","2100"
"15","home","100"
"15","work","900"
"15","shops","1700"
"15","other","1900"
"15","home","2100"
"16","home","100"
"16","shops","900"
"16","beach","1100"
"16","home","1500"
"16","work","1700"
"17","home","100"
"17","work","900"
"17","home","1700"
"18","home","100"
"18","beach","900"
"18","work","1100"
"18","shops","1900"
"18","home","2100"
"19","home","100"
"19","work","900"
"19","shops","1700"
"19","home","1900"
"20","home","100"
"20","work","900"
"20","other","1700"
"20","home","1900"
"20","other","2100"
"20","home","2300"
"21","home","100"
"21","work","900"
"21","home","1700"
"22","home","100"
"22","work","1100"
"22","home","1900"
"23","home","100"
"23","work","1100"
"23","home","1900"
"24","home","100"
"24","other","900"
"24","home","1100"
"24","shops","1500"
"24","work","1700"
"25","home","100"
"25","other","1300"
"25","home","1500"
"25","work","1700"
"26","home","100"
"26","other","900"
"26","home","1100"
"26","other","1300"
"26","beach","1500"
"26","work","1700"
"27","home","100"
"27","shops","900"
"27","work","1100"
"27","home","1900"
"28","home","100"
"28","other","500"
"28","work","900"
"28","shops","1700"
"28","home","2100"
"29","home","100"
"29","shops","900"
"29","home","1300"
"29","shops","1500"
"29","work","1700"
"30","work","100"
"30","shops","900"
"30","home","1100"
"30","shops","1500"
"30","home","1700"
"31","home","100"
"31","other","300"
"31","home","500"
"31","shops","900"
"31","work","1100"
"31","other","1900"
"31","home","2100"
"32","home","100"
"32","other","500"
"32","home","700"
"32","shops","1100"
"32","home","1300"
"32","shops","1500"
"32","work","1700"
"33","home","100"
"33","work","500"
"33","other","1300"
"33","home","1700"
"33","shops","2100"
"33","home","2300"
"34","home","100"
"34","work","900"
"34","home","1700"
"35","home","100"
"35","work","900"
"35","shops","1700"
"35","home","1900"
"35","other","2100"
"35","home","2300"
"36","home","100"
"36","work","900"
"36","shops","1700"
"36","home","1900"
"37","home","100"
"37","work","900"
"37","home","1700"
"37","other","1900"
"37","home","2100"
"38","home","100"
"38","work","700"
"38","shops","1500"
"38","home","1700"
"39","home","100"
"39","other","500"
"39","home","700"
"39","shops","900"
"39","work","1100"
"39","shops","1900"
"39","home","2100"
"40","home","100"
"40","other","700"
"40","work","1100"
"40","home","1900"
"40","shops","2100"
"40","home","2300"
"41","home","100"
"41","shops","1300"
"41","other","1500"
"41","work","1700"
"42","home","100"
"42","work","1700"
"43","home","100"
"43","work","900"
"43","shops","1700"
"43","home","1900"
"43","other","2100"
"43","home","2300"
"44","home","100"
"44","work","900"
"44","other","1700"
"44","home","1900"
"45","home","100"
"45","other","700"
"45","work","900"
"45","shops","1700"
"45","home","1900"
"46","home","100"
"46","beach","1100"
"46","shops","1500"
"46","work","1700"
"47","home","100"
"47","shops","1100"
"47","beach","1300"
"47","work","1700"
"48","home","100"
"48","other","700"
"48","home","900"
"48","shops","1300"
"48","other","1500"
"48","work","1700"
"49","home","100"
"49","work","900"
"49","home","1700"
"49","shops","1900"
"49","home","2100"
"50","home","100"
"50","shops","900"
"50","home","1100"
"50","beach","1300"
"50","shops","1500"
"50","work","1700"
"51","home","100"
"51","other","700"
"51","beach","900"
"51","home","1100"
"51","work","1300"
"51","home","2100"
"52","home","100"
"52","other","500"
"52","home","900"
"52","beach","1500"
"52","work","1700"
"53","home","100"
"53","work","900"
"53","home","1700"
"53","shops","1900"
"53","home","2100"
"54","home","100"
"54","shops","900"
"54","home","1100"
"54","work","1300"
"54","shops","2100"
"54","home","2300"
"55","home","100"
"55","work","900"
"55","shops","1700"
"55","home","1900"
"56","home","100"
"56","other","500"
"56","work","700"
"56","beach","1500"
"56","home","1700"
"56","other","2300"
"57","home","100"
"57","work","900"
"57","shops","1700"
"57","other","1900"
"57","home","2100"
"58","home","100"
"58","beach","1300"
"58","shops","1700"
"58","home","1900"
"58","other","2300"
"59","home","100"
"59","work","900"
"59","home","1700"
"60","home","100"
"60","work","900"
"60","shops","1700"
"60","home","1900"
"61","home","100"
"61","shops","900"
"61","home","1100"
"61","beach","1300"
"61","shops","1500"
"61","work","1700"
"62","home","100"
"62","work","900"
"62","shops","1700"
"62","home","1900"
"63","home","100"
"63","work","900"
"63","shops","1700"
"63","home","1900"
"64","home","100"
"64","shops","900"
"64","work","1100"
"64","shops","1900"
"64","home","2100"
"65","home","100"
"65","other","900"
"65","work","1100"
"65","home","1900"
"66","home","100"
"66","work","1300"
"66","other","2100"
"66","home","2300"
"67","other","100"
"67","home","300"
"67","other","900"
"67","work","1100"
"67","home","1900"
"68","home","100"
"68","shops","1300"
"68","beach","1500"
"68","work","1700"
"69","other","100"
"69","home","300"
"69","work","900"
"69","shops","1700"
"69","home","1900"
"69","other","2100"
"69","home","2300"
"70","home","100"
"70","work","500"
"70","shops","1300"
"70","beach","1500"
"70","home","1700"
"71","home","100"
"71","shops","900"
"71","home","1100"
"71","shops","1300"
"71","home","1500"
"71","work","1700"
"72","home","100"
"72","other","300"
"72","home","500"
"72","other","700"
"72","home","900"
"72","work","1100"
"72","home","1900"
"72","other","2300"
"73","home","100"
"73","work","700"
"73","other","1500"
"73","shops","1700"
"73","home","1900"
"74","home","100"
"74","other","900"
"74","shops","1100"
"74","beach","1300"
"74","shops","1500"
"74","work","1700"
"75","home","100"
"75","other","500"
"75","home","700"
"75","shops","900"
"75","home","1100"
"75","work","1300"
"75","home","2100"
"76","home","100"
"76","work","900"
"76","home","1700"
"77","home","100"
"77","work","1100"
"77","other","1900"
"77","shops","2100"
"77","home","2300"
"78","home","100"
"78","work","700"
"78","beach","1500"
"78","home","1700"
"79","home","100"
"79","work","900"
"79","shops","1700"
"79","home","2100"
"80","home","100"
"80","work","700"
"80","beach","1500"
"80","other","1700"
"80","home","1900"
"81","home","100"
"81","beach","900"
"81","home","1100"
"81","shops","1500"
"81","work","1700"
"82","home","100"
"82","other","700"
"82","work","900"
"82","shops","1700"
"82","home","1900"
"82","shops","2100"
"82","home","2300"
"83","home","100"
"83","work","900"
"83","home","1700"
"83","other","2300"
"84","home","100"
"84","work","700"
"84","beach","1500"
"84","shops","1700"
"84","home","2100"
"85","work","100"
"85","shops","900"
"85","other","1100"
"85","beach","1300"
"85","shops","1500"
"85","home","1900"
"86","home","100"
"86","beach","1500"
"86","work","1700"
"87","home","100"
"87","shops","1300"
"87","beach","1500"
"87","work","1700"
"88","home","100"
"88","work","900"
"88","shops","1700"
"88","home","1900"
"89","home","100"
"89","work","900"
"89","beach","1700"
"89","home","1900"
"90","home","100"
"90","work","1100"
"90","home","1900"
"91","home","100"
"91","shops","900"
"91","home","1100"
"91","shops","1300"
"91","work","1700"
"92","home","100"
"92","work","900"
"92","beach","1700"
"92","home","1900"
"93","home","100"
"93","shops","1100"
"93","beach","1300"
"93","home","1500"
"93","work","1700"
"94","home","100"
"94","beach","900"
"94","shops","1100"
"94","home","1300"
"94","beach","1500"
"94","work","1700"
"95","home","100"
"95","work","900"
"95","shops","1700"
"95","home","1900"
"95","shops","2100"
"95","home","2300"
"96","home","100"
"96","other","900"
"96","shops","1100"
"96","home","1300"
"96","shops","1500"
"96","home","1700"
"96","other","1900"
"96","home","2100"
"97","home","100"
"97","work","900"
"97","home","1700"
"97","shops","1900"
"97","home","2100"
"98","home","100"
"98","other","500"
"98","home","700"
"98","work","1100"
"98","home","1900"
"99","home","100"
"99","work","1100"
"99","home","1900"
"99","shops","2100"
"99","home","2300"
"100","home","100"
"100","other","1300"
"100","home","1500"
"100","work","1700"
"101","home","100"
"101","other","700"
"101","work","900"
"101","home","1700"
"102","home","100"
"102","work","900"
"102","home","1700"
"103","work","100"
"103","home","900"
"103","shops","1100"
"103","home","1700"
"104","home","100"
"104","work","700"
"104","beach","1500"
"104","shops","1700"
"104","home","1900"
"105","home","100"
"105","work","900"
"105","home","1700"
"106","other","100"
"106","home","300"
"106","beach","900"
"106","shops","1100"
"106","home","1300"
"106","beach","1500"
"106","shops","1700"
"106","home","2100"
"107","home","100"
"107","work","900"
"107","shops","1700"
"107","other","1900"
"107","home","2100"
"108","home","100"
"108","work","1100"
"108","other","1900"
"108","home","2100"
"109","work","100"
"109","home","900"
"109","shops","1300"
"109","home","1500"
"109","other","1700"
"109","home","1900"
"110","home","100"
"110","shops","900"
"110","beach","1300"
"110","home","1500"
"110","work","1700"
"111","home","100"
"111","work","900"
"111","home","1700"
"111","other","1900"
"111","home","2100"
"112","home","100"
"112","other","700"
"112","work","900"
"112","shops","1700"
"112","home","2100"
"113","home","100"
"113","other","300"
"113","home","500"
"113","shops","1300"
"113","work","1700"
"114","home","100"
"114","shops","900"
"114","other","1100"
"114","home","1300"
"114","shops","1500"
"114","work","1700"
"115","home","100"
"115","work","900"
"115","home","1700"
"116","home","100"
"116","shops","1300"
"116","work","1700"
"117","home","100"
"117","work","900"
"117","shops","1700"
"117","home","1900"
"117","shops","2100"
"117","home","2300"
"118","home","100"
"118","other","1300"
"118","shops","1500"
"118","work","1700"
"119","home","100"
"119","beach","1100"
"119","other","1300"
"119","shops","1500"
"119","work","1700"
"120","work","100"
"120","beach","900"
"120","home","1100"
"120","beach","1700"
"120","shops","1900"
"120","home","2100"
"121","home","100"
"121","other","900"
"121","work","1100"
"121","home","1900"
"122","home","100"
"122","beach","1500"
"122","work","1700"
"123","home","100"
"123","work","900"
"123","home","1700"
"123","shops","1900"
"123","home","2300"
"124","home","100"
"124","work","900"
"124","home","1700"
"124","other","1900"
"124","home","2100"
"125","home","100"
"125","work","900"
"125","home","1700"
"125","shops","1900"
"125","home","2100"
"126","home","100"
"126","work","900"
"126","home","1700"
"126","shops","1900"
"126","home","2100"
"126","other","2300"
"127","home","100"
"127","shops","900"
"127","home","1100"
"127","beach","1300"
"127","home","1700"
"127","other","1900"
"127","home","2100"
"128","home","100"
"128","work","500"
"128","home","1300"
"128","beach","1500"
"128","home","1700"
"128","shops","2100"
"128","home","2300"
"129","home","100"
"129","work","900"
"129","other","1700"
"129","home","1900"
"130","home","100"
"130","work","900"
"130","home","1700"
"130","other","1900"
"130","home","2100"
"131","home","100"
"131","work","900"
"131","beach","1700"
"131","other","1900"
"131","home","2100"
"132","work","100"
"132","home","900"
"132","beach","1300"
"132","shops","1500"
"132","home","2100"
"133","home","100"
"133","work","900"
"133","home","1700"
"133","other","1900"
"133","home","2100"
"133","other","2300"
"134","home","100"
"134","work","1100"
"134","home","1900"
"134","shops","2100"
"134","home","2300"
"135","home","100"
"135","work","900"
"135","home","1700"
"135","shops","2100"
"135","other","2300"
"136","home","100"
"136","work","700"
"136","beach","1500"
"136","shops","1700"
"136","home","1900"
"137","work","100"
"137","home","900"
"137","shops","1100"
"137","beach","1500"
"137","home","1700"
"138","home","100"
"138","work","900"
"138","shops","1700"
"138","home","2100"
"138","other","2300"
"139","work","100"
"139","home","900"
"139","shops","1300"
"139","home","1500"
"139","shops","1700"
"139","home","1900"
"140","other","100"
"140","home","300"
"140","work","900"
"140","home","1700"
"140","shops","2100"
"140","home","2300"
"141","home","100"
"141","other","1100"
"141","beach","1300"
"141","shops","1500"
"141","work","1700"
"142","home","100"
"142","shops","1100"
"142","beach","1500"
"142","work","1700"
"143","home","100"
"143","other","500"
"143","home","700"
"143","beach","900"
"143","home","1100"
"143","shops","1500"
"143","work","1700"
"144","home","100"
"144","beach","900"
"144","home","1100"
"144","shops","1500"
"144","beach","1700"
"144","shops","1900"
"144","home","2100"
"145","work","100"
"145","home","900"
"145","shops","1100"
"145","beach","1300"
"145","shops","1700"
"145","home","1900"
"146","home","100"
"146","work","900"
"146","home","1700"
"147","home","100"
"147","work","1100"
"147","home","1900"
"148","home","100"
"148","work","900"
"148","home","1700"
"148","shops","1900"
"148","home","2100"
"149","home","100"
"149","work","900"
"149","home","1700"
"150","home","100"
"150","shops","1500"
"150","home","1700"
"151","home","100"
"151","work","700"
"151","beach","1500"
"151","shops","1700"
"151","home","1900"
"152","home","100"
"152","work","900"
"152","home","1700"
"153","home","100"
"153","beach","1300"
"153","shops","1500"
"153","work","1700"
"154","home","100"
"154","work","900"
"154","shops","1700"
"154","home","1900"
"155","work","100"
"155","shops","900"
"155","beach","1100"
"155","other","1300"
"155","shops","1500"
"155","home","1700"
"156","home","100"
"156","other","1100"
"156","home","1300"
"156","shops","1500"
"156","work","1700"
"157","home","100"
"157","shops","1100"
"157","home","1300"
"157","shops","1500"
"157","work","1700"
"158","home","100"
"158","shops","1100"
"158","work","1300"
"158","shops","2100"
"158","home","2300"
"159","home","100"
"159","work","900"
"159","home","1700"
"160","home","100"
"160","work","500"
"160","home","1300"
"161","home","100"
"161","shops","1300"
"161","work","1700"
"162","home","100"
"162","beach","1300"
"162","work","1700"
"163","home","100"
"163","beach","1100"
"163","shops","1300"
"163","home","1700"
"164","home","100"
"164","other","1100"
"164","beach","1300"
"164","work","1700"
"165","home","100"
"165","work","900"
"165","shops","1700"
"165","home","1900"
"166","home","100"
"166","shops","1100"
"166","work","1300"
"166","home","2100"
"167","home","100"
"167","work","900"
"167","home","1700"
"167","other","1900"
"167","home","2100"
"168","home","100"
"168","work","900"
"168","home","1700"
"169","home","100"
"169","work","900"
"169","home","1700"
"170","home","100"
"170","work","900"
"170","other","1700"
"170","home","1900"
"171","home","100"
"171","work","900"
"171","home","1700"
"172","home","100"
"172","work","900"
"172","home","1700"
"172","other","2300"
"173","home","100"
"173","other","700"
"173","work","900"
"173","home","1700"
"174","home","100"
"174","work","900"
"174","home","1700"
"174","shops","1900"
"174","home","2300"
"175","home","100"
"175","work","900"
"175","home","1700"
"175","shops","1900"
"175","home","2100"
"176","work","100"
"176","shops","900"
"176","home","1300"
"176","shops","1500"
"176","home","1700"
"176","other","1900"
"176","home","2100"
"177","home","100"
"177","work","900"
"177","home","1700"
"178","home","100"
"178","work","900"
"178","other","1700"
"178","home","1900"
"179","home","100"
"179","other","300"
"179","home","500"
"179","other","700"
"179","home","900"
"179","beach","1100"
"179","work","1300"
"179","home","2100"
"180","home","100"
"180","work","900"
"180","shops","1700"
"180","home","1900"
"181","home","100"
"181","work","500"
"181","home","1300"
"181","shops","1500"
"181","home","1700"
"182","work","100"
"182","shops","900"
"182","home","1300"
"182","other","1500"
"182","beach","1700"
"182","other","1900"
"182","home","2300"
"183","home","100"
"183","work","700"
"183","shops","1500"
"183","home","1900"
"184","home","100"
"184","work","900"
"184","shops","1700"
"184","home","1900"
"185","home","100"
"185","other","300"
"185","home","500"
"185","shops","900"
"185","beach","1100"
"185","home","1300"
"185","work","1700"
"186","home","100"
"186","work","900"
"186","home","1700"
"187","home","100"
"187","shops","1300"
"187","beach","1500"
"187","shops","1700"
"187","home","1900"
"188","home","100"
"188","shops","1100"
"188","other","1300"
"188","shops","1500"
"188","work","1700"
"189","home","100"
"189","work","900"
"189","shops","1700"
"189","other","2100"
"190","home","100"
"190","work","500"
"190","other","1300"
"190","home","1500"
"190","beach","1700"
"190","home","1900"
"191","home","100"
"191","work","1100"
"191","home","1900"
"191","shops","2100"
"191","home","2300"
"192","home","100"
"192","work","900"
"192","home","1700"
"193","home","100"
"193","work","500"
"193","other","1300"
"193","home","1500"
"193","shops","1700"
"193","other","1900"
"193","home","2100"
"194","home","100"
"194","work","900"
"194","shops","1700"
"194","home","1900"
"194","other","2300"
"195","home","100"
"195","work","900"
"195","home","1700"
"196","home","100"
"196","other","300"
"196","home","500"
"196","shops","1100"
"196","beach","1300"
"196","shops","1500"
"196","work","1700"
"197","home","100"
"197","work","1100"
"197","home","1900"
"198","home","100"
"198","other","500"
"198","home","700"
"198","work","900"
"198","beach","1700"
"198","home","1900"
"199","home","100"
"199","work","900"
"199","shops","1700"
"199","home","1900"
"200","home","100"
"200","beach","1300"
"200","home","1500"
"200","shops","1700"
"200","home","1900"
"201","home","100"
"201","work","900"
"201","other","1700"
"201","home","2100"
"202","home","100"
"202","work","900"
"202","home","1700"
"203","home","100"
"203","other","500"
"203","work","900"
"203","shops","1700"
"203","home","1900"
"203","other","2100"
"203","home","2300"
"204","home","100"
"204","work","900"
"204","shops","1700"
"204","home","1900"
"205","home","100"
"205","work","900"
"205","home","1700"
"205","shops","1900"
"205","home","2100"
"206","home","100"
"206","work","900"
"206","home","1700"
"207","home","100"
"207","other","900"
"207","home","1100"
"207","beach","1300"
"207","other","1500"
"207","work","1700"
"208","home","100"
"208","work","500"
"208","shops","1300"
"208","home","1500"
"208","beach","1700"
"208","home","1900"
"208","other","2100"
"208","home","2300"
"209","home","100"
"209","work","900"
"209","beach","1700"
"209","home","1900"
"210","home","100"
"210","work","700"
"210","shops","1500"
"210","home","1700"
"211","work","100"
"211","other","900"
"211","home","1100"
"211","shops","1300"
"211","beach","1500"
"211","home","1700"
"212","home","100"
"212","work","900"
"212","home","1700"
"213","home","100"
"213","work","900"
"213","shops","1700"
"213","home","1900"
"214","home","100"
"214","work","900"
"214","home","1700"
"214","shops","1900"
"214","home","2100"
"215","home","100"
"215","work","500"
"215","home","1300"
"215","beach","1500"
"215","shops","1700"
"215","other","1900"
"215","home","2100"
"216","home","100"
"216","shops","900"
"216","beach","1100"
"216","work","1300"
"216","home","2100"
"217","home","100"
"217","shops","1100"
"217","other","1300"
"217","work","1700"
"218","home","100"
"218","shops","1100"
"218","work","1300"
"218","home","2100"
"219","home","100"
"219","work","700"
"219","beach","1500"
"219","other","1700"
"219","home","1900"
"220","home","100"
"220","shops","900"
"220","other","1100"
"220","beach","1300"
"220","home","1500"
"220","work","1700"
"221","other","100"
"221","home","300"
"221","work","1300"
"221","home","2100"
"222","home","100"
"222","beach","900"
"222","home","1100"
"222","work","1300"
"222","home","2100"
"223","home","100"
"223","other","300"
"223","home","500"
"223","other","700"
"223","work","900"
"223","shops","1700"
"223","home","1900"
"224","home","100"
"224","work","900"
"224","home","1700"
"225","home","100"
"225","beach","900"
"225","home","1100"
"225","shops","1300"
"225","beach","1500"
"225","home","1700"
"226","home","100"
"226","other","500"
"226","home","700"
"226","work","1100"
"226","home","1900"
"227","home","100"
"227","beach","900"
"227","home","1100"
"227","work","1300"
"227","home","2100"
"228","home","100"
"228","beach","1300"
"228","home","1500"
"228","beach","1700"
"228","home","1900"
"229","home","100"
"229","work","900"
"229","shops","1700"
"229","home","1900"
"230","other","100"
"230","home","300"
"230","work","500"
"230","home","1300"
"230","beach","1500"
"230","shops","1700"
"230","other","1900"
"230","home","2100"
"231","home","100"
"231","shops","1100"
"231","home","1300"
"231","shops","1500"
"231","work","1700"
"232","home","100"
"232","shops","900"
"232","other","1100"
"232","home","1300"
"232","shops","1500"
"232","work","1700"
"233","home","100"
"233","work","1100"
"233","home","1900"
"234","other","100"
"234","home","300"
"234","shops","1300"
"234","work","1700"
"235","home","100"
"235","work","900"
"235","shops","1700"
"235","home","1900"
"236","home","100"
"236","work","900"
"236","home","1700"
"237","home","100"
"237","work","900"
"237","shops","1700"
"237","home","1900"
"238","home","100"
"238","other","1100"
"238","shops","1300"
"238","other","1700"
"238","home","1900"
"239","home","100"
"239","shops","1100"
"239","work","1700"
"240","home","100"
"240","other","700"
"240","home","900"
"240","work","1100"
"240","shops","1900"
"240","home","2100"
"241","home","100"
"241","work","900"
"241","shops","1700"
"241","other","1900"
"241","home","2100"
"242","home","100"
"242","work","900"
"242","shops","1700"
"242","home","1900"
"243","home","100"
"243","beach","900"
"243","home","1300"
"243","other","1500"
"243","work","1700"
"244","home","100"
"244","work","900"
"244","beach","1700"
"244","home","1900"
"245","home","100"
"245","work","900"
"245","shops","1700"
"245","home","2100"
"246","home","100"
"246","work","900"
"246","home","1700"
"246","other","1900"
"246","home","2100"
"246","other","2300"
"247","home","100"
"247","other","700"
"247","work","1100"
"247","shops","1900"
"247","home","2100"
"248","home","100"
"248","work","1100"
"248","shops","1900"
"248","home","2100"
"249","home","100"
"249","other","700"
"249","work","900"
"249","shops","1700"
"249","home","1900"
"250","home","100"
"250","shops","1300"
"250","home","1700"
"250","other","2100"
"250","home","2300"
"251","home","100"
"251","work","900"
"251","other","1700"
"251","home","1900"
"252","home","100"
"252","work","900"
"252","shops","1700"
"252","other","1900"
"252","home","2100"
"253","home","100"
"253","other","900"
"253","home","1100"
"253","beach","1500"
"253","work","1700"
"254","home","100"
"254","work","900"
"254","shops","1700"
"254","home","1900"
"254","shops","2100"
"254","home","2300"
"255","home","100"
"255","work","900"
"255","shops","1700"
"255","home","1900"
"256","other","100"
"256","home","300"
"256","work","900"
"256","shops","1700"
"256","home","1900"
"257","other","100"
"257","home","300"
"257","work","900"
"257","beach","1700"
"257","home","1900"
"258","home","100"
"258","work","900"
"258","home","1700"
"258","other","1900"
"258","home","2100"
"259","work","100"
"259","home","900"
"259","shops","1100"
"259","beach","1300"
"259","home","1700"
"259","other","2300"
"260","home","100"
"260","work","900"
"260","home","1700"
"261","other","100"
"261","home","300"
"261","beach","900"
"261","home","1100"
"261","beach","1500"
"261","home","1700"
"262","other","100"
"262","home","300"
"262","work","900"
"262","home","1700"
"263","home","100"
"263","beach","900"
"263","home","1100"
"263","other","1300"
"263","beach","1500"
"263","work","1700"
"264","home","100"
"264","work","900"
"264","shops","1700"
"264","home","1900"
"265","home","100"
"265","shops","1100"
"265","other","1300"
"265","work","1700"
"266","home","100"
"266","other","500"
"266","home","700"
"266","beach","900"
"266","shops","1100"
"266","work","1300"
"266","home","2100"
"267","home","100"
"267","other","700"
"267","home","900"
"267","shops","1100"
"267","work","1700"
"268","home","100"
"268","shops","1100"
"268","beach","1300"
"268","shops","1500"
"268","work","1700"
"269","home","100"
"269","shops","900"
"269","home","1300"
"269","shops","1500"
"269","work","1700"
"270","home","100"
"270","work","900"
"270","shops","1700"
"270","home","1900"
"271","home","100"
"271","shops","1100"
"271","beach","1300"
"271","home","1500"
"271","work","1700"
"272","home","100"
"272","work","1300"
"272","home","2100"
"273","home","100"
"273","work","700"
"273","home","1500"
"274","home","100"
"274","work","900"
"274","shops","1700"
"274","home","1900"
"275","home","100"
"275","shops","900"
"275","home","1100"
"275","work","1300"
"275","home","2100"
"276","home","100"
"276","work","700"
"276","beach","1500"
"276","home","1700"
"277","home","100"
"277","work","500"
"277","home","1300"
"277","shops","1500"
"277","home","1900"
"278","home","100"
"278","shops","900"
"278","work","1100"
"278","home","1900"
"279","home","100"
"279","work","700"
"279","home","1500"
"280","home","100"
"280","work","900"
"280","shops","1700"
"280","home","1900"
"280","shops","2100"
"280","home","2300"
"281","home","100"
"281","work","700"
"281","shops","1500"
"281","home","1900"
"282","home","100"
"282","other","1100"
"282","work","1300"
"282","home","2100"
"283","home","100"
"283","work","900"
"283","home","1700"
"284","home","100"
"284","shops","1300"
"284","work","1700"
"285","home","100"
"285","work","900"
"285","shops","1700"
"285","home","2300"
"286","home","100"
"286","other","700"
"286","home","900"
"286","shops","1100"
"286","other","1300"
"286","shops","1500"
"286","work","1700"
"287","home","100"
"287","beach","1100"
"287","shops","1300"
"287","home","1500"
"288","home","100"
"288","other","700"
"288","home","900"
"288","beach","1300"
"288","shops","1500"
"288","work","1700"
"289","home","100"
"289","other","500"
"289","home","700"
"289","work","900"
"289","home","1700"
"290","home","100"
"290","work","1100"
"290","home","1900"
"291","home","100"
"291","beach","900"
"291","other","1100"
"291","work","1300"
"291","home","2100"
"292","home","100"
"292","work","700"
"292","shops","1500"
"292","home","1700"
"293","home","100"
"293","work","500"
"293","beach","1300"
"293","shops","1700"
"293","other","1900"
"293","home","2300"
"294","home","100"
"294","other","1100"
"294","shops","1300"
"294","beach","1500"
"294","work","1700"
"295","home","100"
"295","other","700"
"295","home","900"
"295","work","1100"
"295","home","1900"
"296","home","100"
"296","work","900"
"296","home","1700"
"296","other","1900"
"296","home","2100"
"297","home","100"
"297","work","900"
"297","home","1700"
"297","shops","2100"
"297","home","2300"
"298","home","100"
"298","beach","1500"
"298","work","1700"
"299","home","100"
"299","work","900"
"299","shops","1700"
"299","other","1900"
"299","home","2300"
"300","home","100"
"300","work","900"
"300","other","1700"
"300","shops","1900"
"300","home","2100"
"301","other","100"
"301","home","300"
"301","work","900"
"301","beach","1700"
"301","shops","1900"
"301","home","2100"
"302","home","100"
"302","work","900"
"302","shops","1700"
"302","home","1900"
"303","home","100"
"303","other","300"
"303","home","500"
"303","work","1300"
"303","home","2100"
"304","home","100"
"304","shops","900"
"304","work","1100"
"304","home","1900"
"305","home","100"
"305","work","900"
"305","home","1700"
"305","shops","1900"
"305","home","2100"
"306","home","100"
"306","work","900"
"306","home","1700"
"306","other","1900"
"306","home","2100"
"307","home","100"
"307","shops","900"
"307","work","1700"
"308","home","100"
"308","work","900"
"308","home","1700"
"309","home","100"
"309","work","900"
"309","beach","1700"
"309","other","1900"
"309","home","2100"
"310","home","100"
"310","other","700"
"310","work","1100"
"310","home","1900"
"311","home","100"
"311","other","500"
"311","home","700"
"311","shops","900"
"311","other","1100"
"311","shops","1300"
"311","other","1500"
"311","work","1700"
"312","home","100"
"312","shops","1500"
"312","work","1700"
"313","home","100"
"313","work","700"
"313","beach","1500"
"313","other","1700"
"313","home","1900"
"313","shops","2100"
"313","home","2300"
"314","home","100"
"314","work","900"
"314","home","1700"
"314","other","2100"
"315","home","100"
"315","other","700"
"315","beach","900"
"315","home","1100"
"315","work","1700"
"316","home","100"
"316","other","1100"
"316","home","1500"
"316","work","1700"
"317","home","100"
"317","work","900"
"317","home","1700"
"318","home","100"
"318","work","900"
"318","other","1700"
"318","home","1900"
"319","home","100"
"319","shops","1100"
"319","other","1300"
"319","shops","1500"
"319","work","1700"
"320","home","100"
"320","shops","900"
"320","home","1100"
"320","beach","1300"
"320","shops","1500"
"320","work","1700"
"321","home","100"
"321","other","500"
"321","home","700"
"321","beach","900"
"321","home","1100"
"321","shops","1300"
"321","beach","1500"
"321","work","1700"
"322","home","100"
"322","other","1300"
"322","beach","1500"
"322","home","1700"
"323","home","100"
"323","other","300"
"323","home","500"
"324","home","100"
"324","work","700"
"324","beach","1500"
"324","home","1700"
"325","home","100"
"325","beach","900"
"325","home","1100"
"325","shops","1500"
"325","work","1700"
"326","home","100"
"326","other","300"
"326","home","700"
"326","other","900"
"326","home","1300"
"326","shops","1500"
"326","work","1700"
"327","home","100"
"327","beach","900"
"327","home","1100"
"327","work","1300"
"327","other","2100"
"327","home","2300"
"328","home","100"
"328","work","700"
"328","home","1500"
"329","home","100"
"329","work","900"
"329","shops","1700"
"329","home","1900"
"329","shops","2100"
"329","home","2300"
"330","home","100"
"330","other","1100"
"330","home","1300"
"330","beach","1500"
"330","work","1700"
"331","home","100"
"331","work","900"
"331","shops","1700"
"331","home","2100"
"332","home","100"
"332","shops","900"
"332","home","1100"
"332","beach","1500"
"332","work","1700"
"333","home","100"
"333","work","900"
"333","home","1700"
"334","home","100"
"334","other","700"
"334","work","900"
"334","beach","1700"
"334","home","1900"
"335","home","100"
"335","other","700"
"335","home","900"
"335","beach","1100"
"335","shops","1300"
"335","other","1500"
"335","work","1700"
"336","home","100"
"336","work","500"
"336","shops","1300"
"336","home","1500"
"336","beach","1700"
"336","other","1900"
"336","home","2100"
"337","home","100"
"337","work","500"
"337","beach","1300"
"337","home","1700"
"338","home","100"
"338","work","900"
"338","shops","1700"
"338","home","1900"
"339","home","100"
"339","other","700"
"339","home","900"
"339","beach","1300"
"339","other","1500"
"339","work","1700"
"340","home","100"
"340","other","700"
"340","work","900"
"340","beach","1700"
"340","home","1900"
"341","home","100"
"341","other","700"
"341","home","900"
"341","shops","1300"
"341","work","1700"
"342","home","100"
"342","work","500"
"342","shops","1300"
"342","home","1500"
"342","shops","1700"
"342","home","2100"
"343","home","100"
"343","work","1300"
"343","home","2100"
"344","other","100"
"344","home","500"
"344","work","900"
"344","home","1700"
"345","home","100"
"345","shops","1500"
"345","work","1700"
"346","work","100"
"346","home","900"
"346","other","1500"
"346","home","1700"
"347","home","100"
"347","work","900"
"347","home","1700"
"347","other","1900"
"347","home","2100"
"348","home","100"
"348","work","900"
"348","home","1700"
"348","shops","1900"
"348","home","2100"
"349","home","100"
"349","beach","1500"
"349","home","1900"
"350","work","100"
"350","shops","900"
"350","home","1100"
"350","shops","1300"
"350","home","1900"
"350","other","2100"
"350","home","2300"
"351","home","100"
"351","other","700"
"351","home","1100"
"351","other","1300"
"351","home","1500"
"351","work","1700"
"352","home","100"
"352","shops","900"
"352","home","1100"
"352","shops","1500"
"352","work","1700"
"353","home","100"
"353","work","900"
"353","home","1700"
"354","home","100"
"354","beach","1100"
"354","work","1700"
"355","home","100"
"355","shops","1100"
"355","work","1300"
"355","home","2100"
"356","home","100"
"356","shops","900"
"356","home","1100"
"356","work","1300"
"356","home","2100"
"357","home","100"
"357","beach","1100"
"357","other","1300"
"357","home","1500"
"357","work","1700"
"358","home","100"
"358","other","300"
"358","home","500"
"358","shops","900"
"358","home","1100"
"358","shops","1300"
"358","work","1700"
"359","work","100"
"359","home","900"
"359","beach","1500"
"359","home","1700"
"360","home","100"
"360","work","500"
"360","beach","1300"
"360","shops","1500"
"360","home","1700"
"361","home","100"
"361","other","700"
"361","work","900"
"361","home","1700"
"361","shops","2100"
"361","home","2300"
"362","home","100"
"362","work","900"
"362","shops","1700"
"362","other","1900"
"362","home","2100"
"363","home","100"
"363","other","1300"
"363","shops","1500"
"363","work","1700"
"364","work","100"
"364","shops","900"
"364","home","1100"
"364","shops","1300"
"364","home","2100"
"365","other","100"
"365","home","500"
"365","shops","1100"
"365","work","1300"
"365","home","2100"
"366","home","100"
"366","work","900"
"366","shops","1700"
"366","home","1900"
"367","home","100"
"367","shops","1100"
"367","other","1300"
"367","beach","1500"
"367","work","1700"
"368","work","100"
"368","shops","900"
"368","home","1100"
"368","other","1300"
"368","beach","1500"
"368","shops","1700"
"368","home","2100"
"369","home","100"
"369","work","1100"
"369","other","1900"
"369","home","2100"
"370","home","100"
"370","other","300"
"370","home","500"
"370","work","900"
"370","home","1700"
"371","home","100"
"371","work","900"
"371","shops","1700"
"371","home","1900"
"372","home","100"
"372","work","900"
"372","other","1700"
"372","home","2100"
"373","home","100"
"373","other","700"
"373","work","900"
"373","shops","1700"
"373","home","1900"
"374","work","100"
"374","home","900"
"374","shops","1100"
"374","home","1300"
"374","shops","1700"
"374","home","1900"
"375","home","100"
"375","work","900"
"375","other","1700"
"375","home","2100"
"376","home","100"
"376","other","500"
"376","home","700"
"376","work","900"
"376","other","1700"
"376","home","1900"
"377","home","100"
"377","work","900"
"377","shops","1700"
"377","other","2100"
"377","home","2300"
"378","home","100"
"378","work","1100"
"378","shops","1900"
"378","home","2100"
"379","home","100"
"379","other","1500"
"379","shops","1700"
"379","home","2100"
"380","home","100"
"380","shops","1100"
"380","home","1500"
"380","work","1700"
"381","home","100"
"381","work","700"
"381","shops","1500"
"381","home","1900"
"382","home","100"
"382","other","1500"
"382","work","1700"
"383","home","100"
"383","other","900"
"383","home","1100"
"383","work","1300"
"383","home","2100"
"384","home","100"
"384","other","1100"
"384","shops","1300"
"384","other","1500"
"384","home","1700"
"385","home","100"
"385","other","900"
"385","shops","1100"
"385","beach","1300"
"385","work","1700"
"386","home","100"
"386","work","900"
"386","home","1700"
"387","home","100"
"387","work","900"
"387","beach","1700"
"387","home","1900"
"388","home","100"
"388","work","900"
"388","home","1700"
"388","shops","1900"
"388","home","2100"
"389","home","100"
"389","work","900"
"389","shops","1700"
"389","other","1900"
"389","home","2100"
"390","home","100"
"390","work","900"
"390","shops","1700"
"390","home","1900"
"390","other","2100"
"390","home","2300"
"391","home","100"
"391","shops","1100"
"391","home","1500"
"391","work","1700"
"392","home","100"
"392","other","300"
"392","home","700"
"392","work","900"
"392","home","1700"
"393","home","100"
"393","shops","1100"
"393","beach","1500"
"393","home","1700"
"393","shops","1900"
"393","home","2100"
"394","home","100"
"394","work","900"
"394","home","1700"
"395","other","100"
"395","home","300"
"395","work","1100"
"395","home","1900"
"396","home","100"
"396","work","900"
"396","shops","1700"
"396","home","1900"
"397","home","100"
"397","work","900"
"397","home","1700"
"398","home","100"
"398","other","300"
"398","home","500"
"398","work","900"
"398","home","1700"
"398","other","2100"
"398","home","2300"
"399","home","100"
"399","shops","900"
"399","other","1100"
"399","shops","1300"
"399","work","1700"
"400","home","100"
"400","work","700"
"400","other","1500"
"400","shops","1700"
"400","home","1900"
"401","home","100"
"401","work","1100"
"401","home","1900"
"402","home","100"
"402","other","300"
"402","home","500"
"402","other","900"
"402","work","1100"
"402","other","1900"
"402","home","2100"
"403","home","100"
"403","beach","1300"
"403","home","1500"
"403","work","1700"
"404","home","100"
"404","work","1100"
"404","other","1900"
"404","home","2100"
"405","home","100"
"405","beach","900"
"405","shops","1100"
"405","home","1500"
"405","work","1700"
"406","home","100"
"406","shops","900"
"406","home","1100"
"406","beach","1300"
"406","shops","1500"
"406","work","1700"
"407","home","100"
"407","work","900"
"407","beach","1700"
"407","other","1900"
"407","home","2100"
"407","other","2300"
"408","home","100"
"408","beach","1100"
"408","other","1300"
"408","home","1500"
"408","beach","1700"
"408","home","1900"
"409","home","100"
"409","work","500"
"409","home","1300"
"409","beach","1500"
"409","shops","1700"
"409","home","1900"
"410","home","100"
"410","work","900"
"410","shops","1700"
"410","home","1900"
"410","other","2300"
"411","home","100"
"411","work","500"
"411","home","1300"
"411","shops","1500"
"411","home","1700"
"412","home","100"
"412","work","700"
"412","shops","1500"
"412","home","1700"
"413","home","100"
"413","other","700"
"413","work","900"
"413","home","1700"
"414","home","100"
"414","shops","900"
"414","beach","1100"
"414","shops","1300"
"414","work","1700"
"415","home","100"
"415","beach","1500"
"415","work","1700"
"416","home","100"
"416","shops","900"
"416","home","1300"
"416","shops","1500"
"416","work","1700"
"417","home","100"
"417","work","900"
"417","other","1700"
"417","home","1900"
"418","home","100"
"418","beach","1100"
"418","other","1300"
"418","beach","1500"
"418","work","1700"
"419","home","100"
"419","shops","1300"
"419","work","1700"
"420","home","100"
"420","work","1100"
"420","home","1900"
"421","home","100"
"421","work","900"
"421","beach","1700"
"421","home","1900"
"422","home","100"
"422","work","500"
"422","beach","1300"
"422","home","1700"
"423","home","100"
"423","work","700"
"423","shops","1500"
"423","home","1700"
"424","home","100"
"424","other","700"
"424","home","1100"
"424","beach","1500"
"424","home","1700"
"424","other","1900"
"424","home","2100"
"425","home","100"
"425","work","900"
"425","home","1700"
"425","shops","1900"
"425","home","2100"
"426","home","100"
"426","other","1300"
"426","shops","1500"
"426","home","1700"
"426","other","1900"
"426","home","2100"
"427","home","100"
"427","shops","900"
"427","home","1100"
"427","beach","1500"
"427","work","1700"
"428","home","100"
"428","work","900"
"428","shops","1700"
"428","home","1900"
"429","home","100"
"429","other","700"
"429","beach","900"
"429","work","1100"
"429","home","1900"
"430","home","100"
"430","work","900"
"430","home","1700"
"430","shops","1900"
"430","home","2100"
"431","home","100"
"431","work","900"
"431","shops","1700"
"431","home","2100"
"432","home","100"
"432","beach","1500"
"432","shops","1700"
"432","home","1900"
"433","home","100"
"433","shops","1300"
"433","work","1700"
"434","home","100"
"434","other","700"
"434","shops","900"
"434","home","1100"
"434","shops","1300"
"434","home","1700"
"434","shops","1900"
"434","home","2300"
"435","home","100"
"435","work","900"
"435","shops","1700"
"435","home","1900"
"436","home","100"
"436","work","900"
"436","shops","1700"
"436","other","1900"
"436","home","2100"
"437","home","100"
"437","beach","1500"
"437","work","1700"
"438","home","100"
"438","other","300"
"438","home","500"
"438","shops","1100"
"438","home","1300"
"438","beach","1500"
"438","home","1700"
"438","other","1900"
"438","shops","2100"
"438","home","2300"
"439","home","100"
"439","work","700"
"439","home","1500"
"440","home","100"
"440","work","900"
"440","home","1700"
"440","other","1900"
"440","home","2100"
"441","home","100"
"441","work","900"
"441","shops","1700"
"441","home","2100"
"442","home","100"
"442","other","300"
"442","home","500"
"442","other","1300"
"442","home","1500"
"443","home","100"
"443","other","900"
"443","home","1100"
"443","work","1300"
"443","home","2100"
"444","home","100"
"444","shops","900"
"444","home","1100"
"444","beach","1500"
"444","work","1700"
"445","home","100"
"445","other","500"
"445","work","700"
"445","beach","1500"
"445","home","1700"
"446","home","100"
"446","other","700"
"446","work","900"
"446","beach","1700"
"446","home","1900"
"446","other","2100"
"446","home","2300"
"447","home","100"
"447","work","1100"
"447","other","1900"
"447","home","2100"
"448","home","100"
"448","other","300"
"448","home","500"
"448","other","1100"
"448","home","1300"
"448","beach","1500"
"448","work","1700"
"449","home","100"
"449","other","1100"
"449","home","1300"
"449","shops","1500"
"449","work","1700"
"450","home","100"
"450","other","1100"
"450","home","1300"
"450","shops","1500"
"450","work","1700"
"451","home","100"
"451","work","1100"
"451","home","1900"
"451","other","2100"
"451","home","2300"
"452","home","100"
"452","beach","1300"
"452","work","1700"
"453","home","100"
"453","other","300"
"453","home","700"
"453","work","900"
"453","shops","1700"
"453","home","1900"
"454","home","100"
"454","other","700"
"454","work","1100"
"454","home","1900"
"454","other","2300"
"455","home","100"
"455","work","900"
"455","shops","1700"
"455","home","1900"
"456","home","100"
"456","work","900"
"456","other","1700"
"456","home","1900"
"457","home","100"
"457","other","500"
"457","home","700"
"457","work","900"
"457","home","1700"
"458","home","100"
"458","work","900"
"458","home","1700"
"458","other","2100"
"458","home","2300"
"459","home","100"
"459","work","900"
"459","home","1700"
"460","home","100"
"460","work","900"
"460","home","1700"
"461","home","100"
"461","work","900"
"461","beach","1700"
"461","home","1900"
"461","shops","2100"
"461","home","2300"
"462","home","100"
"462","work","500"
"462","home","1300"
"462","beach","1500"
"462","home","1700"
"463","home","100"
"463","other","900"
"463","home","1100"
"463","work","1300"
"463","home","2100"
"464","home","100"
"464","work","900"
"464","beach","1700"
"464","home","1900"
"465","home","100"
"465","shops","900"
"465","work","1100"
"465","other","1900"
"465","home","2100"
"466","home","100"
"466","other","900"
"466","home","1100"
"466","beach","1300"
"466","shops","1500"
"466","work","1700"
"467","home","100"
"467","shops","1100"
"467","beach","1300"
"467","home","1700"
"468","home","100"
"468","other","500"
"468","home","700"
"468","shops","900"
"468","home","1100"
"468","shops","1300"
"468","beach","1500"
"468","shops","1700"
"468","home","1900"
"469","home","100"
"469","work","1300"
"469","home","2100"
"470","home","100"
"470","work","900"
"470","beach","1700"
"470","home","1900"
"471","home","100"
"471","work","900"
"471","shops","1700"
"471","home","1900"
"471","other","2100"
"471","home","2300"
"472","home","100"
"472","shops","1100"
"472","work","1700"
"473","home","100"
"473","work","900"
"473","shops","1700"
"473","home","2100"
"474","work","100"
"474","shops","900"
"474","other","1100"
"474","home","1300"
"474","shops","1500"
"474","home","2100"
"475","home","100"
"475","work","900"
"475","shops","1700"
"475","home","1900"
"476","home","100"
"476","shops","900"
"476","home","1100"
"476","beach","1300"
"476","other","1500"
"476","work","1700"
"477","home","100"
"477","other","300"
"477","home","500"
"477","work","900"
"477","beach","1700"
"477","other","1900"
"477","home","2100"
"478","home","100"
"478","other","500"
"478","home","700"
"478","shops","1100"
"478","beach","1500"
"478","work","1700"
"479","home","100"
"479","work","900"
"479","home","1700"
"480","home","100"
"480","work","900"
"480","home","1700"
"480","other","1900"
"480","home","2100"
"481","home","100"
"481","work","900"
"481","home","1700"
"482","home","100"
"482","work","900"
"482","shops","1700"
"482","home","1900"
"483","home","100"
"483","other","300"
"483","home","500"
"483","work","900"
"483","beach","1700"
"483","other","1900"
"483","home","2100"
"484","home","100"
"484","work","700"
"484","shops","1500"
"484","home","1700"
"484","other","1900"
"484","home","2100"
"485","other","100"
"485","home","300"
"485","shops","1100"
"485","home","1300"
"485","shops","1500"
"485","work","1700"
"486","home","100"
"486","work","500"
"486","beach","1300"
"486","shops","1500"
"486","home","1700"
"487","home","100"
"487","beach","1100"
"487","work","1700"
"488","home","100"
"488","other","1100"
"488","shops","1300"
"488","beach","1500"
"488","home","1700"
"488","shops","1900"
"488","home","2100"
"489","home","100"
"489","work","1100"
"489","shops","1900"
"489","home","2100"
"490","home","100"
"490","work","900"
"490","home","1700"
"491","home","100"
"491","work","900"
"491","shops","1700"
"491","home","1900"
"492","home","100"
"492","shops","1300"
"492","home","1500"
"492","work","1700"
"493","home","100"
"493","work","900"
"493","shops","1700"
"493","home","2100"
"493","other","2300"
"494","home","100"
"494","shops","1500"
"494","work","1700"
"495","home","100"
"495","shops","900"
"495","home","1100"
"495","work","1700"
"496","home","100"
"496","beach","1300"
"496","shops","1500"
"496","work","1700"
"497","home","100"
"497","work","900"
"497","shops","1700"
"497","other","1900"
"497","home","2100"
"498","home","100"
"498","work","900"
"498","shops","1700"
"498","home","1900"
"499","home","100"
"499","work","900"
"499","shops","1700"
"499","home","1900"
"500","home","100"
"500","shops","900"
"500","work","1100"
"500","home","1900"
"501","home","100"
"501","other","500"
"501","home","700"
"501","work","900"
"501","home","1700"
"502","home","100"
"502","beach","1100"
"502","home","1300"
"502","shops","1500"
"502","work","1700"
"503","home","100"
"503","beach","1300"
"503","other","1500"
"503","work","1700"
"504","home","100"
"504","work","1700"
"505","home","100"
"505","work","900"
"505","beach","1700"
"505","home","1900"
"506","home","100"
"506","work","1100"
"506","home","1900"
"506","other","2300"
"507","home","100"
"507","work","900"
"507","beach","1700"
"507","home","1900"
"508","home","100"
"508","beach","1100"
"508","home","1500"
"509","home","100"
"509","work","900"
"509","home","1700"
"509","shops","2100"
"509","home","2300"
"510","home","100"
"510","work","700"
"510","beach","1500"
"510","home","1700"
"511","home","100"
"511","work","900"
"511","home","1700"
"512","home","100"
"512","other","300"
"512","home","500"
"512","other","700"
"512","shops","900"
"512","home","1100"
"512","shops","1500"
"512","home","1900"
"513","home","100"
"513","work","1100"
"513","shops","1900"
"513","home","2100"
"514","work","100"
"514","home","900"
"514","other","1100"
"514","beach","1300"
"514","home","1500"
"515","home","100"
"515","work","900"
"515","home","1700"
"515","other","1900"
"515","home","2100"
"516","home","100"
"516","work","1100"
"516","home","1900"
"517","home","100"
"517","beach","1100"
"517","work","1300"
"517","home","2100"
"518","home","100"
"518","work","900"
"518","home","1700"
"518","shops","1900"
"518","home","2100"
"519","work","100"
"519","home","900"
"519","beach","1300"
"519","home","1500"
"520","home","100"
"520","work","700"
"520","beach","1500"
"520","other","1700"
"520","home","2100"
"521","home","100"
"521","other","900"
"521","shops","1100"
"521","home","1300"
"521","shops","1500"
"521","home","2100"
"522","work","100"
"522","home","900"
"522","shops","1100"
"522","other","1500"
"522","shops","1700"
"522","other","2100"
"522","home","2300"
"523","home","100"
"523","other","700"
"523","work","900"
"523","home","1700"
"523","shops","1900"
"523","home","2100"
"524","work","100"
"524","other","900"
"524","home","1100"
"524","other","1300"
"524","beach","1500"
"524","shops","1700"
"524","other","1900"
"524","home","2100"
"525","home","100"
"525","work","1100"
"525","shops","1900"
"525","home","2300"
"526","home","100"
"526","work","1100"
"526","home","1900"
"527","home","100"
"527","other","900"
"527","beach","1100"
"527","shops","1300"
"527","home","1500"
"527","work","1700"
"528","home","100"
"528","work","900"
"528","shops","1700"
"528","other","1900"
"528","home","2100"
"529","home","100"
"529","work","700"
"529","shops","1500"
"529","home","1900"
"530","other","100"
"530","home","300"
"530","work","900"
"530","home","1700"
"531","home","100"
"531","shops","900"
"531","work","1100"
"531","shops","1900"
"531","home","2300"
"532","home","100"
"532","other","500"
"532","home","700"
"532","shops","900"
"532","other","1100"
"532","home","1300"
"532","work","1700"
"533","home","100"
"533","work","900"
"533","shops","1700"
"533","home","1900"
"534","home","100"
"534","other","300"
"534","home","500"
"534","other","700"
"534","work","900"
"534","shops","1700"
"534","home","1900"
"535","home","100"
"535","work","900"
"535","shops","1700"
"535","home","1900"
"536","home","100"
"536","other","700"
"536","home","900"
"536","work","1100"
"536","home","1900"
"537","home","100"
"537","work","900"
"537","beach","1700"
"537","home","1900"
"538","home","100"
"538","other","700"
"538","work","900"
"538","shops","1700"
"538","home","1900"
"539","home","100"
"539","shops","1100"
"539","beach","1500"
"539","work","1700"
"540","home","100"
"540","work","1100"
"540","shops","1900"
"540","home","2100"
"541","home","100"
"541","work","500"
"541","other","1300"
"541","shops","1500"
"541","home","1700"
"542","home","100"
"542","other","900"
"542","home","1100"
"542","beach","1300"
"542","home","1700"
"542","shops","1900"
"542","home","2100"
"543","home","100"
"543","shops","900"
"543","work","1300"
"543","home","2100"
"544","home","100"
"544","shops","1500"
"544","work","1700"
"545","home","100"
"545","work","900"
"545","home","1700"
"545","shops","1900"
"545","home","2100"
"546","home","100"
"546","beach","900"
"546","work","1100"
"546","home","1900"
"547","other","100"
"547","home","300"
"547","shops","900"
"547","home","1100"
"547","work","1700"
"548","home","100"
"548","beach","1300"
"548","home","1700"
"548","shops","1900"
"548","home","2300"
"549","home","100"
"549","work","900"
"549","home","1700"
"550","home","100"
"550","work","900"
"550","home","1700"
"551","home","100"
"551","work","900"
"551","shops","1700"
"551","home","1900"
"551","other","2100"
"551","home","2300"
"552","home","100"
"552","beach","1100"
"552","work","1300"
"552","home","2100"
"553","home","100"
"553","work","1100"
"553","shops","1900"
"553","home","2100"
"553","other","2300"
"554","home","100"
"554","shops","1300"
"554","beach","1500"
"554","work","1700"
"555","home","100"
"555","work","900"
"555","shops","1700"
"555","home","1900"
"556","home","100"
"556","work","1100"
"556","home","1900"
"557","home","100"
"557","other","1300"
"557","shops","1500"
"557","work","1700"
"558","home","100"
"558","work","1100"
"558","other","1900"
"558","home","2100"
"559","home","100"
"559","work","1300"
"559","home","2100"
"559","other","2300"
"560","home","100"
"560","shops","900"
"560","other","1100"
"560","beach","1300"
"560","shops","1500"
"560","home","1700"
"561","home","100"
"561","shops","1100"
"561","work","1300"
"561","home","2100"
"561","other","2300"
"562","other","100"
"562","home","300"
"562","work","500"
"562","beach","1300"
"562","shops","1500"
"562","home","1900"
"562","shops","2100"
"562","home","2300"
"563","home","100"
"563","work","900"
"563","shops","1700"
"563","home","1900"
"564","home","100"
"564","work","1300"
"564","home","2100"
"565","home","100"
"565","work","900"
"565","shops","1700"
"565","home","2100"
"566","home","100"
"566","work","1100"
"566","home","1900"
"567","home","100"
"567","other","1100"
"567","work","1300"
"567","home","2100"
"568","home","100"
"568","work","900"
"568","home","1700"
"568","other","1900"
"568","home","2100"
"569","home","100"
"569","other","1100"
"569","work","1300"
"569","home","2100"
"570","home","100"
"570","beach","1300"
"570","shops","1500"
"570","work","1700"
"571","home","100"
"571","beach","1300"
"571","shops","1500"
"571","home","1700"
"572","home","100"
"572","work","700"
"572","shops","1500"
"572","home","1900"
"572","shops","2100"
"572","home","2300"
"573","other","100"
"573","home","300"
"573","shops","900"
"573","work","1100"
"573","home","1900"
"573","other","2300"
"574","other","100"
"574","home","300"
"574","work","900"
"574","shops","1700"
"574","home","1900"
"574","other","2300"
"575","home","100"
"575","work","900"
"575","shops","1700"
"575","home","1900"
"576","home","100"
"576","shops","1500"
"576","work","1700"
"577","home","100"
"577","work","900"
"577","shops","1700"
"577","home","1900"
"578","home","100"
"578","other","700"
"578","work","900"
"578","home","1700"
"579","home","100"
"579","work","900"
"579","beach","1700"
"579","other","1900"
"579","shops","2100"
"579","home","2300"
"580","home","100"
"580","work","900"
"580","shops","1700"
"580","home","1900"
"581","home","100"
"581","other","900"
"581","work","1100"
"581","home","1900"
"581","other","2100"
"581","home","2300"
"582","other","100"
"582","home","300"
"582","work","900"
"582","shops","1700"
"582","home","1900"
"583","home","100"
"583","work","900"
"583","home","1700"
"583","shops","1900"
"583","home","2100"
"584","home","100"
"584","work","900"
"584","other","1700"
"584","home","1900"
"585","home","100"
"585","other","300"
"585","home","500"
"585","other","700"
"585","work","900"
"585","shops","1700"
"585","home","1900"
"585","other","2100"
"585","home","2300"
"586","home","100"
"586","other","500"
"586","home","700"
"586","work","900"
"586","shops","1700"
"586","home","1900"
"587","home","100"
"587","work","500"
"587","shops","1300"
"587","beach","1500"
"587","shops","1700"
"587","home","2100"
"588","work","100"
"588","home","900"
"588","shops","1300"
"588","home","1700"
"588","shops","1900"
"588","other","2100"
"588","home","2300"
"589","home","100"
"589","beach","1100"
"589","work","1300"
"589","home","2100"
"589","other","2300"
"590","home","100"
"590","work","900"
"590","shops","1700"
"590","home","2100"
"591","home","100"
"591","other","700"
"591","beach","900"
"591","home","1100"
"591","shops","1300"
"591","home","1700"
"592","home","100"
"592","work","900"
"592","shops","1700"
"592","home","1900"
"593","home","100"
"593","work","900"
"593","other","1700"
"593","home","1900"
"594","home","100"
"594","work","700"
"594","home","1500"
"594","shops","1700"
"594","home","1900"
"595","work","100"
"595","home","900"
"595","other","1300"
"595","shops","1500"
"595","home","1900"
"596","home","100"
"596","work","700"
"596","shops","1500"
"596","beach","1700"
"596","home","1900"
"596","other","2300"
"597","home","100"
"597","work","1100"
"597","home","1900"
"598","home","100"
"598","beach","900"
"598","work","1100"
"598","home","1900"
"598","other","2300"
"599","home","100"
"599","work","900"
"599","home","1700"
"599","other","1900"
"599","home","2100"
"600","home","100"
"600","beach","1300"
"600","shops","1500"
"600","work","1700"
"601","home","100"
"601","work","900"
"601","other","1700"
"601","home","1900"
"602","home","100"
"602","shops","1100"
"602","work","1300"
"602","home","2100"
"603","home","100"
"603","work","1100"
"603","home","1900"
"604","home","100"
"604","work","700"
"604","home","1500"
"604","shops","1700"
"604","home","1900"
"605","home","100"
"605","work","700"
"605","other","1500"
"605","home","1700"
"605","other","1900"
"605","home","2100"
"606","home","100"
"606","work","700"
"606","shops","1500"
"606","beach","1700"
"606","home","1900"
"606","shops","2100"
"606","home","2300"
"607","home","100"
"607","work","1100"
"607","shops","1900"
"607","home","2100"
"608","home","100"
"608","work","900"
"608","home","1700"
"608","shops","1900"
"608","home","2100"
"609","work","100"
"609","home","900"
"609","beach","1300"
"609","shops","1700"
"609","home","1900"
"610","home","100"
"610","work","900"
"610","home","1700"
"610","other","2300"
"611","home","100"
"611","work","1100"
"611","home","1900"
"612","home","100"
"612","work","900"
"612","home","1700"
"613","other","100"
"613","home","300"
"613","work","900"
"613","beach","1700"
"613","home","1900"
"614","home","100"
"614","shops","900"
"614","home","1100"
"614","other","1300"
"614","home","1500"
"614","work","1700"
"615","home","100"
"615","work","900"
"615","shops","1700"
"615","home","1900"
"615","shops","2100"
"615","home","2300"
"616","work","100"
"616","beach","900"
"616","home","1100"
"616","other","1300"
"616","home","1500"
"616","shops","1700"
"616","home","1900"
"617","home","100"
"617","other","500"
"617","home","900"
"617","work","1300"
"617","other","2100"
"617","home","2300"
"618","home","100"
"618","shops","1100"
"618","work","1300"
"618","home","2100"
"619","home","100"
"619","work","900"
"619","shops","1700"
"619","home","1900"
"620","other","100"
"620","home","300"
"620","work","900"
"620","shops","1700"
"620","home","1900"
"621","home","100"
"621","beach","1100"
"621","shops","1300"
"621","beach","1500"
"621","work","1700"
"622","home","100"
"622","work","900"
"622","shops","1700"
"622","home","1900"
"623","home","100"
"623","work","900"
"623","shops","1700"
"623","home","1900"
"624","home","100"
"624","shops","1100"
"624","beach","1300"
"624","other","1500"
"624","work","1700"
"625","home","100"
"625","shops","1100"
"625","other","1300"
"625","shops","1500"
"625","work","1700"
"626","home","100"
"626","work","1100"
"626","home","1900"
"627","home","100"
"627","work","900"
"627","shops","1700"
"627","home","1900"
"628","home","100"
"628","work","900"
"628","other","1700"
"628","home","2100"
"629","home","100"
"629","other","700"
"629","home","900"
"629","other","1100"
"629","work","1300"
"629","home","2100"
"630","home","100"
"630","other","700"
"630","home","900"
"630","work","1100"
"630","shops","1900"
"630","home","2100"
"631","home","100"
"631","work","900"
"631","shops","1700"
"631","home","1900"
"632","home","100"
"632","work","900"
"632","home","1700"
"633","work","100"
"633","other","900"
"633","beach","1100"
"633","other","1500"
"633","home","1700"
"633","other","1900"
"633","home","2100"
"634","home","100"
"634","shops","1100"
"634","home","1300"
"634","work","1700"
"635","other","100"
"635","home","300"
"635","other","700"
"635","home","900"
"635","beach","1300"
"635","work","1700"
"636","home","100"
"636","other","700"
"636","work","900"
"636","other","1700"
"636","home","1900"
"637","home","100"
"637","other","500"
"637","work","900"
"637","home","1700"
"638","home","100"
"638","work","500"
"638","beach","1300"
"638","shops","1700"
"638","home","1900"
"639","home","100"
"639","other","300"
"639","home","500"
"639","beach","1300"
"639","shops","1500"
"639","work","1700"
"640","home","100"
"640","work","900"
"640","other","1700"
"640","home","1900"
"641","home","100"
"641","work","500"
"641","home","1300"
"641","beach","1500"
"641","home","1700"
"642","home","100"
"642","work","900"
"642","home","1700"
"643","home","100"
"643","other","700"
"643","work","900"
"643","home","1700"
"643","other","1900"
"643","home","2100"
"644","home","100"
"644","other","700"
"644","home","900"
"644","beach","1100"
"644","work","1300"
"644","home","2100"
"645","home","100"
"645","work","900"
"645","home","1700"
"646","home","100"
"646","work","500"
"646","home","1300"
"646","beach","1500"
"646","shops","1700"
"646","home","1900"
"647","home","100"
"647","other","500"
"647","home","700"
"647","work","900"
"647","home","1700"
"647","shops","1900"
"647","home","2100"
"648","home","100"
"648","work","900"
"648","shops","1700"
"648","home","1900"
"649","home","100"
"649","work","900"
"649","home","1700"
"649","other","2300"
"650","home","100"
"650","shops","1100"
"650","beach","1300"
"650","other","1500"
"650","work","1700"
"651","home","100"
"651","work","900"
"651","home","1700"
"652","home","100"
"652","other","500"
"652","home","700"
"652","beach","900"
"652","other","1100"
"652","work","1700"
"653","home","100"
"653","work","1100"
"653","home","1900"
"654","home","100"
"654","other","300"
"654","home","500"
"654","work","1100"
"654","home","1900"
"654","other","2300"
"655","home","100"
"655","other","900"
"655","home","1100"
"655","work","1300"
"655","home","2100"
"656","home","100"
"656","work","1100"
"656","home","1900"
"657","work","100"
"657","beach","900"
"657","other","1100"
"657","home","1300"
"657","shops","1500"
"657","home","1700"
"658","home","100"
"658","other","500"
"658","home","700"
"658","shops","1300"
"658","other","1500"
"658","work","1700"
"659","home","100"
"659","work","700"
"659","shops","1500"
"659","home","1700"
"660","home","100"
"660","work","900"
"660","home","1700"
"661","home","100"
"661","work","700"
"661","shops","1500"
"661","home","2100"
"662","home","100"
"662","work","500"
"662","home","1300"
"662","other","1500"
"662","home","1900"
"662","other","2100"
"662","home","2300"
"663","home","100"
"663","shops","900"
"663","work","1100"
"663","home","1900"
"664","home","100"
"664","other","700"
"664","work","900"
"664","other","1700"
"664","home","1900"
"665","other","100"
"665","home","300"
"665","other","700"
"665","work","900"
"665","home","1700"
"666","home","100"
"666","other","300"
"666","work","500"
"666","shops","1300"
"666","beach","1500"
"666","home","1700"
"666","shops","1900"
"666","home","2100"
"667","home","100"
"667","work","900"
"667","other","1700"
"667","home","1900"
"668","home","100"
"668","other","700"
"668","work","900"
"668","home","1700"
"669","home","100"
"669","shops","1300"
"669","beach","1500"
"669","work","1700"
"670","home","100"
"670","shops","900"
"670","home","1100"
"670","beach","1500"
"670","work","1700"
"671","home","100"
"671","work","900"
"671","shops","1700"
"671","home","1900"
"672","home","100"
"672","other","900"
"672","shops","1100"
"672","home","1500"
"672","work","1700"
"673","home","100"
"673","beach","1300"
"673","work","1700"
"674","work","100"
"674","shops","900"
"674","home","1300"
"674","beach","1500"
"674","home","1700"
"674","other","1900"
"674","home","2100"
"675","home","100"
"675","other","500"
"675","home","700"
"675","work","900"
"675","home","1700"
"676","home","100"
"676","work","900"
"676","shops","1700"
"676","home","1900"
"677","home","100"
"677","work","500"
"677","beach","1300"
"677","shops","1700"
"677","home","1900"
"678","home","100"
"678","work","900"
"678","shops","1700"
"678","home","1900"
"679","home","100"
"679","work","700"
"679","shops","1500"
"679","home","1900"
"680","home","100"
"680","other","1300"
"680","home","1500"
"680","work","1700"
"681","home","100"
"681","work","1100"
"681","shops","1900"
"681","home","2100"
"681","other","2300"
"682","home","100"
"682","other","700"
"682","work","1100"
"682","shops","1900"
"682","home","2100"
"683","home","100"
"683","work","900"
"683","home","1700"
"684","home","100"
"684","shops","1100"
"684","work","1300"
"684","home","2100"
"684","other","2300"
"685","home","100"
"685","other","900"
"685","home","1100"
"685","shops","1300"
"685","home","1500"
"685","work","1700"
"686","home","100"
"686","other","900"
"686","work","1100"
"686","home","1900"
"687","home","100"
"687","work","900"
"687","beach","1700"
"687","home","1900"
"688","home","100"
"688","work","700"
"688","beach","1500"
"688","home","1700"
"689","home","100"
"689","work","900"
"689","other","1700"
"689","home","1900"
"690","home","100"
"690","beach","900"
"690","home","1100"
"690","shops","1500"
"690","other","2100"
"691","home","100"
"691","shops","900"
"691","other","1300"
"691","shops","1500"
"691","beach","1700"
"691","home","1900"
"692","home","100"
"692","other","500"
"692","home","700"
"692","beach","900"
"692","other","1100"
"692","shops","1500"
"692","work","1700"
"693","home","100"
"693","work","900"
"693","other","1700"
"693","home","1900"
"694","home","100"
"694","work","900"
"694","home","1700"
"695","home","100"
"695","work","900"
"695","home","1700"
"695","shops","2100"
"695","home","2300"
"696","home","100"
"696","work","500"
"696","other","1300"
"696","beach","1500"
"696","home","1900"
"697","home","100"
"697","work","900"
"697","other","1700"
"697","shops","1900"
"697","home","2100"
"698","other","100"
"698","home","300"
"698","beach","900"
"698","home","1100"
"698","shops","1300"
"698","home","1500"
"698","work","1700"
"699","home","100"
"699","shops","900"
"699","other","1100"
"699","shops","1300"
"699","home","1500"
"699","work","1700"
"700","home","100"
"700","work","1700"
"701","home","100"
"701","other","500"
"701","home","700"
"701","work","900"
"701","shops","1700"
"701","home","1900"
"702","home","100"
"702","shops","900"
"702","home","1100"
"702","other","1300"
"702","beach","1500"
"702","work","1700"
"703","home","100"
"703","work","700"
"703","home","1500"
"703","other","1700"
"703","home","1900"
"704","home","100"
"704","work","900"
"704","shops","1700"
"704","other","1900"
"704","home","2100"
"705","home","100"
"705","beach","900"
"705","home","1100"
"705","beach","1300"
"705","shops","1500"
"705","work","1700"
"706","home","100"
"706","shops","1100"
"706","beach","1300"
"706","other","1500"
"706","work","1700"
"707","other","100"
"707","home","300"
"707","work","900"
"707","other","1700"
"707","home","1900"
"708","home","100"
"708","shops","900"
"708","beach","1100"
"708","home","1300"
"708","other","1500"
"708","work","1700"
"709","home","100"
"709","work","900"
"709","shops","1700"
"709","home","2100"
"709","other","2300"
"710","home","100"
"710","shops","1100"
"710","work","1300"
"710","home","2100"
"711","home","100"
"711","work","900"
"711","home","1700"
"712","home","100"
"712","work","500"
"712","home","1300"
"712","beach","1500"
"712","home","1700"
"713","home","100"
"713","work","900"
"713","shops","1700"
"713","home","1900"
"714","home","100"
"714","work","1100"
"714","shops","1900"
"714","home","2100"
"715","home","100"
"715","work","500"
"715","home","1300"
"715","shops","1500"
"715","home","1700"
"716","home","100"
"716","shops","900"
"716","work","1100"
"716","home","1900"
"717","home","100"
"717","beach","900"
"717","shops","1100"
"717","work","1700"
"718","home","100"
"718","beach","1100"
"718","shops","1300"
"718","work","1700"
"719","home","100"
"719","other","500"
"719","home","700"
"719","beach","900"
"719","other","1100"
"719","home","1300"
"719","work","1700"
"720","home","100"
"720","work","900"
"720","home","1700"
"721","other","100"
"721","home","300"
"721","shops","1100"
"721","beach","1500"
"721","work","1700"
"722","home","100"
"722","work","700"
"722","shops","1500"
"722","home","1700"
"723","home","100"
"723","work","900"
"723","home","1700"
"723","shops","1900"
"723","home","2100"
"724","home","100"
"724","other","300"
"724","home","500"
"724","work","900"
"724","shops","1700"
"724","home","1900"
"724","other","2100"
"724","home","2300"
"725","home","100"
"725","work","900"
"725","home","1700"
"726","home","100"
"726","work","900"
"726","shops","1700"
"726","home","1900"
"726","other","2100"
"726","home","2300"
"727","home","100"
"727","work","900"
"727","home","1700"
"728","home","100"
"728","work","900"
"728","home","1700"
"729","work","100"
"729","home","900"
"729","shops","1100"
"729","home","2300"
"730","home","100"
"730","other","500"
"730","home","700"
"730","work","900"
"730","home","1700"
"731","home","100"
"731","work","900"
"731","shops","1700"
"731","home","1900"
"731","other","2100"
"731","home","2300"
"732","other","100"
"732","home","300"
"732","work","500"
"732","home","1300"
"732","beach","1500"
"732","home","1700"
"732","shops","1900"
"732","home","2100"
"733","home","100"
"733","shops","900"
"733","home","1100"
"733","other","1300"
"733","beach","1500"
"733","home","1700"
"733","other","1900"
"733","home","2100"
"734","home","100"
"734","work","500"
"734","shops","1300"
"734","beach","1500"
"734","home","1700"
"735","home","100"
"735","other","700"
"735","home","900"
"735","shops","1100"
"735","beach","1500"
"735","work","1700"
"736","home","100"
"736","shops","1100"
"736","beach","1300"
"736","home","1500"
"736","work","1700"
"737","home","100"
"737","work","1100"
"737","home","1900"
"738","home","100"
"738","shops","900"
"738","beach","1500"
"738","shops","1700"
"738","home","1900"
"738","shops","2100"
"738","home","2300"
"739","home","100"
"739","other","700"
"739","work","900"
"739","shops","1700"
"739","other","1900"
"739","home","2100"
"740","home","100"
"740","shops","900"
"740","other","1100"
"740","shops","1500"
"740","work","1700"
"741","home","100"
"741","work","1100"
"741","shops","1900"
"741","home","2100"
"742","home","100"
"742","other","300"
"742","home","500"
"742","work","900"
"742","beach","1700"
"742","shops","1900"
"742","home","2100"
"743","home","100"
"743","shops","900"
"743","home","1300"
"743","beach","1500"
"743","home","1700"
"744","home","100"
"744","work","1100"
"744","home","1900"
"745","home","100"
"745","work","1100"
"745","home","1900"
"746","home","100"
"746","work","700"
"746","beach","1500"
"746","home","1700"
"746","other","2100"
"746","home","2300"
"747","home","100"
"747","work","900"
"747","home","1700"
"747","shops","2100"
"747","home","2300"
"748","home","100"
"748","work","900"
"748","home","1700"
"749","other","100"
"749","home","300"
"749","shops","900"
"749","work","1100"
"749","home","1900"
"750","home","100"
"750","shops","1100"
"750","home","1300"
"750","other","1500"
"750","work","1700"
"751","home","100"
"751","beach","900"
"751","shops","1100"
"751","work","1700"
"752","home","100"
"752","work","500"
"752","home","1300"
"752","shops","1500"
"752","home","1700"
"752","shops","2100"
"752","other","2300"
"753","home","100"
"753","other","300"
"753","home","500"
"753","work","1100"
"753","home","1900"
"753","shops","2100"
"753","home","2300"
"754","work","100"
"754","home","900"
"754","shops","1300"
"754","other","1500"
"754","shops","1700"
"754","home","1900"
"754","shops","2100"
"754","home","2300"
"755","home","100"
"755","other","300"
"755","home","500"
"755","work","900"
"755","other","1700"
"755","home","1900"
"756","home","100"
"756","other","500"
"756","home","700"
"756","beach","1300"
"756","work","1700"
"757","home","100"
"757","other","700"
"757","work","900"
"757","beach","1700"
"757","home","1900"
"758","home","100"
"758","other","300"
"758","home","500"
"758","work","1100"
"758","home","1900"
"758","shops","2100"
"758","home","2300"
"759","home","100"
"759","shops","1300"
"759","home","1500"
"759","work","1700"
"760","home","100"
"760","other","700"
"760","work","900"
"760","shops","1700"
"760","home","1900"
"761","home","100"
"761","shops","1300"
"761","beach","1500"
"761","work","1700"
"762","home","100"
"762","shops","900"
"762","home","1100"
"762","work","1700"
"763","home","100"
"763","shops","900"
"763","work","1100"
"763","home","1900"
"764","home","100"
"764","work","900"
"764","home","1700"
"765","home","100"
"765","work","700"
"765","home","1500"
"765","shops","1900"
"765","home","2100"
"766","home","100"
"766","other","1300"
"766","shops","1500"
"766","work","1700"
"767","home","100"
"767","work","900"
"767","home","1700"
"767","other","1900"
"767","home","2100"
"768","home","100"
"768","work","900"
"768","other","1700"
"768","home","2100"
"769","home","100"
"769","other","700"
"769","home","900"
"769","work","1100"
"769","home","1900"
"770","other","100"
"770","home","300"
"770","other","900"
"770","shops","1100"
"770","beach","1300"
"770","shops","1500"
"770","work","1700"
"771","home","100"
"771","work","700"
"771","other","1500"
"771","home","1700"
"772","home","100"
"772","work","900"
"772","shops","1700"
"772","home","1900"
"773","home","100"
"773","shops","1100"
"773","home","1300"
"773","beach","1500"
"773","home","1700"
"773","shops","1900"
"773","home","2100"
"774","other","100"
"774","home","300"
"774","work","1100"
"774","home","1900"
"775","home","100"
"775","shops","900"
"775","other","1100"
"775","work","1300"
"775","home","2100"
"776","home","100"
"776","work","900"
"776","shops","1700"
"776","other","1900"
"776","home","2100"
"777","home","100"
"777","work","1100"
"777","home","1900"
"778","home","100"
"778","other","900"
"778","shops","1100"
"778","home","1300"
"778","other","1500"
"778","work","1700"
"779","home","100"
"779","work","900"
"779","shops","1700"
"779","home","1900"
"780","other","100"
"780","home","300"
"780","other","500"
"780","home","700"
"780","work","900"
"780","other","1700"
"780","home","1900"
"781","home","100"
"781","work","1100"
"781","home","1900"
"781","other","2300"
"782","home","100"
"782","work","900"
"782","home","1700"
"783","home","100"
"783","other","900"
"783","shops","1100"
"783","work","1300"
"783","home","2100"
"783","other","2300"
"784","other","100"
"784","home","300"
"784","work","900"
"784","shops","1700"
"784","home","1900"
"785","home","100"
"785","work","1100"
"785","home","1900"
"786","home","100"
"786","other","700"
"786","work","900"
"786","home","1700"
"787","home","100"
"787","work","900"
"787","shops","1700"
"787","home","1900"
"788","home","100"
"788","shops","1300"
"788","beach","1500"
"788","work","1700"
"789","home","100"
"789","shops","1500"
"789","work","1700"
"790","home","100"
"790","other","700"
"790","work","900"
"790","home","1700"
"791","other","100"
"791","home","300"
"791","beach","1500"
"791","work","1700"
"792","home","100"
"792","other","700"
"792","home","900"
"792","work","1100"
"792","home","1900"
"793","home","100"
"793","work","900"
"793","shops","1700"
"793","home","1900"
"794","home","100"
"794","work","900"
"794","home","1700"
"794","shops","2100"
"794","home","2300"
"795","other","100"
"795","home","300"
"795","beach","1500"
"795","work","1700"
"796","home","100"
"796","shops","1100"
"796","beach","1300"
"796","work","1700"
"797","home","100"
"797","beach","900"
"797","work","1100"
"797","shops","1900"
"797","home","2100"
"798","home","100"
"798","other","1300"
"798","shops","1500"
"798","work","1700"
"799","home","100"
"799","work","700"
"799","shops","1500"
"799","home","1900"
"800","home","100"
"800","shops","1100"
"800","beach","1300"
"800","other","1500"
"800","work","1700"
"801","home","100"
"801","work","900"
"801","shops","1700"
"801","home","1900"
"802","home","100"
"802","other","700"
"802","work","900"
"802","shops","1700"
"802","other","1900"
"802","shops","2100"
"802","home","2300"
"803","home","100"
"803","other","300"
"803","home","500"
"803","work","900"
"803","home","1700"
"804","home","100"
"804","work","900"
"804","home","1700"
"804","other","2300"
"805","other","100"
"805","home","500"
"805","work","900"
"805","shops","1700"
"805","home","1900"
"806","home","100"
"806","other","1100"
"806","beach","1300"
"806","shops","1500"
"806","work","1700"
"807","home","100"
"807","other","300"
"807","home","500"
"807","beach","900"
"807","home","1100"
"807","other","1300"
"807","shops","1500"
"807","work","1700"
"808","home","100"
"808","other","700"
"808","work","900"
"808","beach","1700"
"808","home","1900"
"809","home","100"
"809","beach","900"
"809","other","1100"
"809","shops","1300"
"809","other","1700"
"809","home","2100"
"810","other","100"
"810","home","300"
"810","other","700"
"810","work","900"
"810","home","1700"
"810","other","1900"
"810","home","2100"
"811","home","100"
"811","work","500"
"811","shops","1300"
"811","home","1700"
"812","home","100"
"812","work","900"
"812","shops","1700"
"812","home","1900"
"812","other","2300"
"813","home","100"
"813","other","700"
"813","home","900"
"813","work","1100"
"813","home","1900"
"814","home","100"
"814","work","1300"
"814","home","2100"
"815","home","100"
"815","work","500"
"815","shops","1300"
"815","home","1700"
"816","home","100"
"816","work","900"
"816","shops","1700"
"816","home","1900"
"817","home","100"
"817","other","500"
"817","home","700"
"817","work","1300"
"817","home","2100"
"818","home","100"
"818","other","700"
"818","home","900"
"818","shops","1300"
"818","other","1500"
"818","work","1700"
"819","home","100"
"819","shops","900"
"819","other","1100"
"819","home","1300"
"819","shops","1500"
"819","work","1700"
"820","home","100"
"820","work","900"
"820","shops","1700"
"820","home","1900"
"821","home","100"
"821","work","900"
"821","shops","1700"
"821","home","1900"
"822","home","100"
"822","other","700"
"822","work","900"
"822","home","1700"
"823","home","100"
"823","other","900"
"823","home","1100"
"823","other","1300"
"823","home","1500"
"823","work","1700"
"824","home","100"
"824","shops","1100"
"824","other","1300"
"824","shops","1700"
"824","other","1900"
"824","home","2300"
"825","home","100"
"825","beach","900"
"825","shops","1100"
"825","home","1300"
"825","beach","1500"
"825","work","1700"
"826","home","100"
"826","shops","900"
"826","work","1700"
"827","home","100"
"827","shops","1100"
"827","beach","1300"
"827","shops","1500"
"827","work","1700"
"828","home","100"
"828","other","900"
"828","work","1100"
"828","home","1900"
"828","other","2300"
"829","home","100"
"829","other","1500"
"829","work","1700"
"830","home","100"
"830","other","700"
"830","home","900"
"830","beach","1500"
"830","home","1700"
"830","other","2100"
"830","home","2300"
"831","home","100"
"831","work","500"
"831","home","1300"
"831","shops","1500"
"831","home","1900"
"832","home","100"
"832","shops","1100"
"832","beach","1300"
"832","shops","1500"
"832","work","1700"
"833","home","100"
"833","other","1100"
"833","home","1300"
"833","other","1500"
"833","work","1700"
"834","home","100"
"834","other","700"
"834","home","900"
"834","shops","1300"
"834","home","1900"
"835","home","100"
"835","other","700"
"835","home","900"
"835","other","1100"
"835","shops","1300"
"835","beach","1500"
"835","work","1700"
"836","home","100"
"836","other","700"
"836","shops","900"
"836","beach","1100"
"836","other","1300"
"836","shops","1700"
"836","other","1900"
"836","home","2100"
"837","home","100"
"837","beach","900"
"837","work","1100"
"837","home","1900"
"838","home","100"
"838","other","700"
"838","home","900"
"838","other","1100"
"838","work","1300"
"838","home","2100"
"839","home","100"
"839","other","900"
"839","home","1300"
"839","beach","1500"
"839","work","1700"
"840","home","100"
"840","other","300"
"840","home","500"
"840","other","700"
"840","work","900"
"840","home","1700"
"840","other","2300"
"841","home","100"
"841","shops","1300"
"841","beach","1500"
"841","work","1700"
"842","home","100"
"842","work","900"
"842","home","1700"
"843","home","100"
"843","work","500"
"843","home","1300"
"843","beach","1700"
"843","other","1900"
"843","home","2100"
"843","other","2300"
"844","home","100"
"844","shops","900"
"844","home","1100"
"844","beach","1500"
"844","other","1700"
"844","home","1900"
"845","home","100"
"845","work","1100"
"845","home","1900"
"846","home","100"
"846","work","900"
"846","home","1700"
"847","other","100"
"847","home","300"
"847","work","900"
"847","shops","1700"
"847","home","1900"
"848","home","100"
"848","other","300"
"848","home","500"
"848","work","900"
"848","home","1700"
"848","shops","1900"
"848","home","2100"
"849","home","100"
"849","work","1100"
"849","home","1900"
"849","other","2100"
"849","home","2300"
"850","home","100"
"850","work","900"
"850","home","1700"
"850","shops","1900"
"850","home","2300"
"851","home","100"
"851","work","900"
"851","home","1700"
"852","other","100"
"852","home","300"
"852","work","1100"
"852","home","1900"
"853","home","100"
"853","work","900"
"853","other","1700"
"853","home","2100"
"854","home","100"
"854","work","1100"
"854","home","1900"
"855","home","100"
"855","other","300"
"855","work","500"
"855","home","1300"
"855","shops","1500"
"855","beach","1700"
"855","home","1900"
"856","home","100"
"856","work","900"
"856","shops","1700"
"856","home","2100"
"857","home","100"
"857","other","300"
"857","home","500"
"857","work","700"
"857","other","1500"
"857","home","2100"
"858","home","100"
"858","work","1100"
"858","shops","1900"
"858","home","2100"
"859","home","100"
"859","other","1100"
"859","home","1300"
"859","beach","1500"
"859","work","1700"
"860","other","100"
"860","home","300"
"860","other","500"
"860","work","900"
"860","shops","1700"
"860","home","1900"
"861","home","100"
"861","other","300"
"861","home","500"
"861","work","900"
"861","shops","1700"
"861","home","1900"
"861","other","2100"
"861","home","2300"
"862","home","100"
"862","work","900"
"862","home","1700"
"863","home","100"
"863","other","300"
"863","home","500"
"863","work","900"
"863","shops","1700"
"863","home","1900"
"864","work","100"
"864","home","900"
"864","shops","1100"
"864","other","1300"
"864","shops","1500"
"864","home","1900"
"865","work","100"
"865","shops","900"
"865","other","1100"
"865","beach","1300"
"865","shops","1500"
"865","home","1900"
"866","home","100"
"866","beach","900"
"866","home","1300"
"866","beach","1500"
"866","work","1700"
"867","home","100"
"867","work","1100"
"867","home","1900"
"868","home","100"
"868","other","1100"
"868","home","1300"
"868","shops","1500"
"868","work","1700"
"869","work","100"
"869","shops","900"
"869","home","1100"
"869","beach","1500"
"869","home","1700"
"870","home","100"
"870","other","1300"
"870","beach","1500"
"870","work","1700"
"871","home","100"
"871","other","300"
"871","home","500"
"871","work","900"
"871","home","1700"
"872","home","100"
"872","shops","900"
"872","beach","1100"
"872","shops","1300"
"872","home","1500"
"872","work","1700"
"873","home","100"
"873","other","1100"
"873","shops","1500"
"873","work","1700"
"874","home","100"
"874","other","900"
"874","home","1100"
"874","work","1700"
"875","home","100"
"875","work","900"
"875","shops","1700"
"875","other","1900"
"875","home","2100"
"876","home","100"
"876","work","900"
"876","shops","1700"
"876","home","1900"
"876","other","2100"
"876","home","2300"
"877","home","100"
"877","other","300"
"877","home","500"
"877","work","900"
"877","beach","1700"
"877","home","1900"
"878","home","100"
"878","beach","900"
"878","home","1100"
"878","beach","1500"
"878","work","1700"
"879","home","100"
"879","work","1100"
"879","home","1900"
"880","home","100"
"880","other","700"
"880","shops","900"
"880","home","1100"
"880","beach","1300"
"880","work","1700"
"881","home","100"
"881","work","900"
"881","home","1700"
"882","home","100"
"882","work","900"
"882","beach","1700"
"882","home","1900"
"882","other","2100"
"882","home","2300"
"883","home","100"
"883","work","900"
"883","home","1700"
"883","other","2300"
"884","home","100"
"884","other","300"
"884","home","500"
"884","work","700"
"884","home","1500"
"884","other","1700"
"884","home","1900"
"885","home","100"
"885","other","500"
"885","work","700"
"885","home","1500"
"885","shops","1700"
"885","other","1900"
"885","home","2100"
"886","work","100"
"886","home","900"
"886","shops","1300"
"886","home","2300"
"887","home","100"
"887","work","900"
"887","home","1700"
"887","shops","1900"
"887","home","2100"
"888","home","100"
"888","work","900"
"888","home","1700"
"889","home","100"
"889","work","700"
"889","beach","1500"
"889","shops","1700"
"889","home","1900"
"890","other","100"
"890","home","300"
"890","work","1100"
"890","home","1900"
"891","other","100"
"891","home","300"
"891","work","900"
"891","home","1700"
"891","shops","2100"
"891","home","2300"
"892","home","100"
"892","work","900"
"892","home","1700"
"893","home","100"
"893","work","900"
"893","home","1700"
"894","home","100"
"894","work","1100"
"894","home","1900"
"895","work","100"
"895","shops","900"
"895","beach","1100"
"895","shops","1300"
"895","beach","1500"
"895","home","1700"
"895","other","2100"
"895","home","2300"
"896","home","100"
"896","work","700"
"896","other","1500"
"896","shops","1700"
"896","home","1900"
"896","shops","2100"
"896","home","2300"
"897","home","100"
"897","work","900"
"897","home","1700"
"898","home","100"
"898","work","900"
"898","shops","1700"
"898","home","1900"
"899","home","100"
"899","beach","1100"
"899","work","1700"
"900","home","100"
"900","other","300"
"900","home","500"
"900","other","1300"
"900","shops","1500"
"900","work","1700"
"901","home","100"
"901","shops","900"
"901","work","1100"
"901","home","1900"
"902","home","100"
"902","other","300"
"902","home","500"
"902","work","900"
"902","shops","1700"
"902","other","1900"
"902","home","2100"
"903","home","100"
"903","work","900"
"903","shops","1700"
"903","home","1900"
"904","work","100"
"904","home","900"
"904","other","1100"
"904","home","1300"
"904","shops","1500"
"904","home","1700"
"904","other","2100"
"904","home","2300"
"905","home","100"
"905","work","900"
"905","home","1700"
"906","home","100"
"906","work","900"
"906","shops","1700"
"906","home","1900"
"907","home","100"
"907","other","500"
"907","work","900"
"907","beach","1700"
"907","home","1900"
"908","home","100"
"908","work","700"
"908","other","1500"
"908","shops","1700"
"908","other","1900"
"908","shops","2100"
"908","home","2300"
"909","home","100"
"909","work","900"
"909","shops","1700"
"909","other","1900"
"909","home","2300"
"910","home","100"
"910","other","300"
"910","home","500"
"910","work","700"
"910","beach","1500"
"910","home","1700"
"910","other","1900"
"910","home","2100"
"911","home","100"
"911","beach","1300"
"911","work","1700"
"912","work","100"
"912","home","900"
"912","other","1300"
"912","beach","1500"
"912","other","1700"
"912","home","1900"
"913","home","100"
"913","other","300"
"913","home","500"
"913","work","900"
"913","home","1700"
"913","shops","1900"
"913","home","2100"
"914","home","100"
"914","shops","900"
"914","home","1300"
"914","shops","1500"
"914","work","1700"
"915","home","100"
"915","work","900"
"915","other","1700"
"915","home","1900"
"916","home","100"
"916","work","900"
"916","home","1700"
"916","other","2300"
"917","home","100"
"917","other","500"
"917","work","700"
"917","beach","1500"
"917","shops","1700"
"917","home","1900"
"918","home","100"
"918","work","900"
"918","shops","1700"
"918","other","1900"
"918","home","2100"
"919","other","100"
"919","home","300"
"919","work","900"
"919","other","1700"
"919","home","1900"
"920","home","100"
"920","other","500"
"920","home","700"
"920","work","900"
"920","shops","1700"
"920","other","1900"
"920","home","2300"
"921","home","100"
"921","work","900"
"921","home","1700"
"922","home","100"
"922","shops","1300"
"922","work","1700"
"923","home","100"
"923","work","1300"
"923","home","2100"
"924","home","100"
"924","other","300"
"924","home","500"
"924","shops","1500"
"924","work","1700"
"925","home","100"
"925","other","300"
"925","home","500"
"925","other","700"
"925","home","1100"
"925","work","1700"
"926","home","100"
"926","other","500"
"926","home","700"
"926","other","900"
"926","shops","1100"
"926","home","1500"
"926","work","1700"
"927","home","100"
"927","other","700"
"927","work","900"
"927","beach","1700"
"927","home","1900"
"928","work","100"
"928","home","900"
"928","other","1100"
"928","home","1300"
"928","beach","1500"
"928","home","1700"
"929","home","100"
"929","shops","1700"
"929","home","1900"
"930","home","100"
"930","work","900"
"930","shops","1700"
"930","home","1900"
"931","home","100"
"931","work","1300"
"931","home","2100"
"932","home","100"
"932","beach","1300"
"932","shops","1500"
"932","work","1700"
"933","home","100"
"933","shops","1100"
"933","beach","1300"
"933","home","1500"
"933","work","1700"
"934","home","100"
"934","beach","1300"
"934","work","1700"
"935","work","100"
"935","home","900"
"935","other","1300"
"935","beach","1500"
"935","shops","1700"
"935","home","1900"
"936","home","100"
"936","other","900"
"936","work","1100"
"936","shops","1900"
"936","home","2100"
"937","home","100"
"937","work","500"
"937","home","1300"
"937","shops","1500"
"937","home","1900"
"938","home","100"
"938","work","900"
"938","shops","1700"
"938","home","1900"
"939","home","100"
"939","work","900"
"939","home","1700"
"939","shops","1900"
"939","home","2100"
"940","home","100"
"940","other","1100"
"940","work","1300"
"940","home","2100"
"941","home","100"
"941","work","900"
"941","shops","1700"
"941","home","1900"
"942","home","100"
"942","work","900"
"942","shops","1700"
"942","home","1900"
"942","other","2300"
"943","home","100"
"943","beach","1500"
"943","work","1700"
"944","home","100"
"944","work","1100"
"944","home","1900"
"945","home","100"
"945","other","300"
"945","home","500"
"945","other","700"
"945","home","900"
"945","beach","1300"
"945","home","1500"
"945","work","1700"
"946","home","100"
"946","work","900"
"946","shops","1700"
"946","home","1900"
"947","home","100"
"947","other","300"
"947","work","500"
"947","home","1300"
"947","beach","1500"
"947","shops","1700"
"947","home","1900"
"948","home","100"
"948","other","700"
"948","work","900"
"948","home","1700"
"949","other","100"
"949","home","300"
"949","work","900"
"949","home","1700"
"949","other","1900"
"949","home","2100"
"950","home","100"
"950","shops","1300"
"950","other","1500"
"950","work","1700"
"951","other","100"
"951","home","500"
"951","work","900"
"951","home","1700"
"952","work","100"
"952","beach","900"
"952","shops","1100"
"952","home","1300"
"952","beach","1500"
"952","shops","1700"
"952","home","1900"
"953","home","100"
"953","beach","1300"
"953","shops","1500"
"953","work","1700"
"954","home","100"
"954","other","300"
"954","home","500"
"954","beach","1500"
"954","work","1700"
"955","home","100"
"955","work","900"
"955","home","1700"
"955","other","2300"
"956","home","100"
"956","work","900"
"956","shops","1700"
"956","home","2100"
"957","home","100"
"957","other","1100"
"957","home","1300"
"957","work","1700"
"958","home","100"
"958","work","1100"
"958","home","1900"
"959","home","100"
"959","work","900"
"959","home","1700"
"960","home","100"
"960","other","700"
"960","home","900"
"960","other","1300"
"960","beach","1500"
"960","work","1700"
"961","home","100"
"961","work","900"
"961","shops","1700"
"961","home","1900"
"961","other","2100"
"961","home","2300"
"962","home","100"
"962","other","1300"
"962","beach","1500"
"962","shops","1700"
"962","home","2100"
"962","other","2300"
"963","home","100"
"963","work","900"
"963","home","1700"
"963","other","1900"
"963","home","2100"
"964","home","100"
"964","work","900"
"964","home","1700"
"964","other","1900"
"964","home","2100"
"965","other","100"
"965","home","300"
"965","shops","1300"
"965","beach","1500"
"965","work","1700"
"966","home","100"
"966","other","300"
"966","home","500"
"966","work","1100"
"966","home","1900"
"967","home","100"
"967","work","900"
"967","home","1700"
"968","home","100"
"968","other","300"
"968","home","500"
"968","work","900"
"968","home","1700"
"968","shops","1900"
"968","home","2100"
"969","home","100"
"969","other","700"
"969","home","900"
"969","shops","1100"
"969","home","1300"
"969","shops","1500"
"969","home","1700"
"969","other","1900"
"969","home","2100"
"970","home","100"
"970","other","300"
"970","home","500"
"970","work","900"
"970","home","1700"
"971","home","100"
"971","other","900"
"971","shops","1100"
"971","work","1300"
"971","home","2100"
"972","other","100"
"972","home","300"
"972","work","1100"
"972","home","1900"
"973","home","100"
"973","work","900"
"973","other","1700"
"973","home","1900"
"974","home","100"
"974","other","500"
"974","home","700"
"974","other","1100"
"974","home","1300"
"974","shops","1500"
"974","work","1700"
"975","home","100"
"975","shops","1100"
"975","work","1300"
"975","home","2100"
"976","home","100"
"976","work","900"
"976","shops","1700"
"976","home","1900"
"977","home","100"
"977","work","700"
"977","shops","1500"
"977","other","1700"
"977","home","1900"
"978","home","100"
"978","work","900"
"978","home","1700"
"978","other","1900"
"978","home","2100"
"979","home","100"
"979","shops","900"
"979","other","1300"
"979","shops","1500"
"979","work","1700"
"980","home","100"
"980","work","900"
"980","home","1700"
"980","shops","1900"
"980","other","2100"
"980","home","2300"
"981","home","100"
"981","shops","1100"
"981","home","1300"
"981","shops","1500"
"981","work","1700"
"982","home","100"
"982","other","700"
"982","beach","900"
"982","work","1100"
"982","home","1900"
"983","home","100"
"983","work","900"
"983","home","1700"
"984","home","100"
"984","other","700"
"984","work","900"
"984","shops","1700"
"984","home","1900"
"985","home","100"
"985","other","700"
"985","work","900"
"985","home","1700"
"986","home","100"
"986","work","700"
"986","other","1500"
"986","shops","1700"
"986","home","1900"
"986","other","2100"
"986","home","2300"
"987","home","100"
"987","other","300"
"987","home","500"
"987","work","900"
"987","shops","1700"
"987","other","1900"
"987","home","2100"
"988","home","100"
"988","shops","1100"
"988","home","1300"
"988","work","1700"
"989","home","100"
"989","work","700"
"989","beach","1500"
"989","shops","1700"
"989","home","2100"
"990","home","100"
"990","work","900"
"990","shops","1700"
"990","home","1900"
"990","other","2100"
"990","home","2300"
"991","home","100"
"991","work","900"
"991","home","1700"
"991","other","1900"
"991","home","2100"
"991","other","2300"
"992","home","100"
"992","shops","1500"
"992","work","1700"
"993","work","100"
"993","shops","900"
"993","home","1100"
"993","beach","1500"
"993","shops","1700"
"993","home","1900"
"994","other","100"
"994","home","300"
"994","beach","1300"
"994","shops","1500"
"994","work","1700"
"995","home","100"
"995","other","500"
"995","home","700"
"995","beach","1100"
"995","work","1300"
"995","home","2100"
"996","home","100"
"996","shops","1500"
"996","work","1700"
"997","home","100"
"997","work","500"
"997","shops","1300"
"997","home","1700"
"998","work","100"
"998","home","900"
"998","beach","1100"
"998","home","1300"
"998","shops","1500"
"998","home","1900"
"999","home","100"
"999","work","500"
"999","beach","1300"
"999","home","1500"
"999","shops","1700"
"999","home","1900"
"1000","home","100"
"1000","shops","900"
"1000","home","1100"
"1000","other","1300"
"1000","beach","1500"
"1000","work","1700"
